{"cameraMode":{"drawMode":0,"name":"Shaded","section":"Shading Mode"},"sceneLighting":true,"audioPlay":false,"sceneViewState":{"m_AlwaysRefresh":false,"showFog":true,"showSkybox":true,"showFlares":true,"showImageEffects":true,"showParticleSystems":true,"showVisualEffectGraphs":true,"m_FxEnabled":true},"in2DMode":false,"pivot":{"x":-0.7060312628746033,"y":1.4488391876220704,"z":-9.82720947265625},"rotation":{"x":0.14903682470321656,"y":-0.07260826975107193,"z":0.010992735624313355,"w":0.9861310720443726},"size":0.34114980697631838,"orthographic":true}